[
    {
        "text": "rani indra kumari market 22 nomber phatak patiala",
        "entities": [
            [
                0,
                27,
                "rani indra kumari market 22",
                "unit"
            ],
            [
                28,
                45,
                "nomber phatak pat",
                "area_name"
            ],
            [
                45,
                49,
                "patiala",
                "city_name"
            ]
        ]
    },
    {
        "text": "b-101 dev bhumi enclave  , haridwar bypass,dehradun ,dehradun opposite reliance trends dehradun",
        "entities": [
            [
                0,
                5,
                "b-101",
                "unit"
            ],
            [
                6,
                23,
                "dev bhumi enclave",
                "society_name"
            ],
            [
                27,
                42,
                "haridwar bypass",
                "street_name"
            ],
            [
                43,
                51,
                "dehradun",
                "city_name"
            ],
            [
                53,
                58,
                "dehra",
                "landmark"
            ],
            [
                58,
                61,
                "dehradun",
                "city_name"
            ],
            [
                62,
                86,
                "opposite reliance trends",
                "landmark"
            ],
            [
                89,
                92,
                "hra",
                "landmark"
            ]
        ]
    },
    {
        "text": "c14 , deepkala avenue,near ravi school opposite goverment tubewell,near ravi",
        "entities": [
            [
                0,
                3,
                "c14",
                "unit"
            ],
            [
                6,
                21,
                "deepkala avenue",
                "society_name"
            ],
            [
                22,
                66,
                "near ravi school opposite goverment tubewell",
                "landmark"
            ],
            [
                72,
                76,
                "ravi",
                "landmark"
            ]
        ]
    },
    {
        "text": "anil ankita & associates chartered accountants station road",
        "entities": [
            [
                0,
                11,
                "anil ankita",
                "unit"
            ],
            [
                14,
                24,
                "associates",
                "unit"
            ],
            [
                25,
                59,
                "chartered accountants station road",
                "street_name"
            ]
        ]
    },
    {
        "text": "hous87,ward32,near b k workshop",
        "entities": [
            [
                0,
                13,
                "hous87,ward32",
                "unit"
            ],
            [
                14,
                31,
                "near b k workshop",
                "landmark"
            ]
        ]
    },
    {
        "text": "house no  - 777/3  , house name  - saikripa area  - dildar nagar",
        "entities": [
            [
                0,
                8,
                "house no",
                "unit"
            ],
            [
                10,
                17,
                "- 777/3",
                "unit"
            ],
            [
                21,
                26,
                "house",
                "unit"
            ],
            [
                27,
                31,
                "name",
                "area_name"
            ],
            [
                35,
                48,
                "saikripa area",
                "area_name"
            ],
            [
                52,
                64,
                "dildar nagar",
                "area_name"
            ]
        ]
    },
    {
        "text": "chandpur bijnor moh gokul nagar near hp gas agency",
        "entities": [
            [
                0,
                31,
                "chandpur bijnor moh gokul nagar",
                "area_name"
            ],
            [
                32,
                50,
                "near hp gas agency",
                "landmark"
            ]
        ]
    },
    {
        "text": "c-2/86c,lawrence road",
        "entities": [
            [
                0,
                7,
                "c-2/86c",
                "unit"
            ],
            [
                8,
                21,
                "lawrence road",
                "street_name"
            ]
        ]
    },
    {
        "text": "24 , nilamber 3 bunglows , kubereshwar marg , somatalav",
        "entities": [
            [
                0,
                2,
                "24",
                "unit"
            ],
            [
                5,
                13,
                "nilamber",
                "unit"
            ],
            [
                14,
                24,
                "3 bunglows",
                "society_name"
            ],
            [
                27,
                43,
                "kubereshwar marg",
                "street_name"
            ],
            [
                46,
                55,
                "somatalav",
                "area_name"
            ]
        ]
    },
    {
        "text": "at,rajabasa.po,bhaludunguri.dt,sundergarh.odissa",
        "entities": [
            [
                0,
                30,
                "at,rajabasa.po,bhaludunguri.dt",
                "area_name"
            ],
            [
                31,
                48,
                "sundergarh.odissa",
                "city_name"
            ]
        ]
    }
]