[
    {
        "unit": "rani indra kumari market 22",
        "area_name": "a",
        "city_name": "ial"
    },
    {
        "unit": "b-101",
        "society_name": "dev bhumi enclave",
        "street_name": "haridwar bypass",
        "city_name": "dehradun",
        "landmark": "dehradun opposite reliance trends dehradun"
    },
    {
        "unit": "c14",
        "society_name": "deepkala avenue",
        "landmark": "near ravi school opposite goverment tubewell ravi"
    },
    {
        "unit": "anil ankita  associates",
        "street_name": "chartered accountants station road"
    },
    {
        "unit": "hous87 ward32",
        "landmark": "near b k workshop"
    },
    {
        "unit": "house no - 7773 house",
        "area_name": "name saikripa area dildar nagar"
    },
    {
        "area_name": "chandpur bijnor moh gokul nagar",
        "landmark": "near hp gas agency"
    },
    {
        "unit": "c-286c",
        "street_name": "lawrence road"
    },
    {
        "unit": "24 nilamber",
        "society_name": "3 bunglows",
        "street_name": "kubereshwar marg",
        "area_name": "somatalav"
    },
    {
        "area_name": "at rajabasapo bhaludunguri dt",
        "city_name": "sundergarh odissa"
    }
]